"","Taxa","January","February","March","April","May","June","July","August","September","October","November","December","Total"
"1","Polites",1,3,1,0,2,3,9,3,2,1,0,1,26
"2","Epargyreus",22,54,47,90,168,307,539,484,243,76,19,24,2150
"3","Poanes",9,11,34,35,128,83,75,262,62,24,7,11,754
"4","Euphyes",2,1,2,1,1,4,8,6,3,5,0,4,37
"5","Pyrgus",0,0,3,3,2,6,1,1,1,3,0,0,20
"6","Thorybes",6,8,23,41,31,92,42,7,8,6,4,2,272
"7","Erynnis",10,25,43,52,80,42,8,8,6,8,6,3,292
"8","Polites",7,11,4,6,3,40,62,27,4,6,3,2,175
"9","Ancyloxypha",8,17,26,15,31,126,105,197,99,47,10,8,695
"10","Poanes",27,20,24,15,50,234,68,25,11,15,11,10,515
"11","Thymelicus",14,27,23,5,8,136,168,63,24,15,9,17,514
"12","Erynnis",2,9,28,37,21,13,51,97,55,16,7,5,343
"13","Polites",6,6,1,4,7,28,31,41,19,9,2,0,156
"14","Eantis",6,8,8,8,13,9,12,16,19,44,63,16,225
"15","Thorybes",0,1,0,0,0,1,0,0,0,0,0,0,2
"16","Antigonus",0,0,1,0,1,4,2,15,10,3,3,1,40
"17","Chioides",3,26,25,24,18,25,32,41,42,93,32,7,377
"18","Urbanus",22,16,19,15,15,16,41,75,72,153,74,38,570
"19","Poanes",2,8,5,5,4,7,32,31,9,14,3,1,121
"20","Urbanus",11,12,4,10,7,8,18,32,27,41,25,22,217
"21","Pyrgus",0,0,1,2,0,3,0,0,0,0,0,0,6
"22","Pyrgus",1,1,8,1,9,15,15,13,15,14,12,4,109
"23","Wallengrenia",1,7,2,6,1,3,41,22,2,1,0,3,89
"24","Euphyes",4,17,43,60,30,37,169,106,50,34,6,7,569
"25","Panoquina",4,13,4,2,2,3,9,33,40,105,55,9,280
"26","Hylephila",51,60,138,193,145,227,321,473,612,552,190,72,3067
"27","Pyrgus",8,23,39,80,35,65,107,97,131,173,47,15,839
"28","Achlyodes",3,7,1,3,5,6,3,6,9,13,11,5,77
"29","Thorybes",1,0,0,4,3,0,2,0,0,0,0,0,10
"30","Lerema",8,18,38,48,38,35,65,111,166,273,75,25,908
"31","Pyrgus",33,27,35,21,31,23,40,43,40,82,51,20,454
"32","Hesperia",0,0,0,3,9,2,0,0,2,0,0,0,16
"33","Erynnis",9,14,43,52,64,60,98,87,73,45,10,3,563
"34","Amblyscirtes",0,3,10,20,17,7,12,14,19,12,3,0,117
"35","Hesperia",2,1,1,2,0,7,7,10,8,2,1,0,41
"36","Thorybes",1,3,2,3,8,16,9,10,1,3,1,2,59
"37","Autochton",0,1,0,0,1,5,4,1,0,0,0,1,14
"38","Heliopetes",1,2,4,7,5,4,3,11,1,7,10,2,57
"39","Heliopetes",22,6,11,6,7,7,14,16,17,38,55,17,219
"40","Poanes",3,5,43,151,172,99,76,62,175,115,41,7,963
"41","Polites",14,27,33,10,33,119,109,232,110,23,13,9,740
"42","Gesta",0,1,1,1,0,3,2,4,1,6,4,0,23
"43","Amblyscirtes",0,0,0,0,2,2,1,0,0,0,1,0,6
"44","Erynnis",0,0,1,2,0,2,0,1,1,1,0,0,8
"45","Lerodea",8,11,16,14,16,13,31,44,67,97,63,10,393
"46","Phocides",8,1,8,6,11,3,3,7,1,1,0,2,51
"47","Pholisora",2,10,10,10,15,14,42,53,33,8,1,4,204
"48","Ochlodes",1,2,1,4,42,58,13,8,2,0,3,0,134
"49","Atalopedes",16,30,71,70,65,72,100,219,345,250,64,20,1337
"50","Wallengrenia",2,0,12,8,24,13,6,21,20,26,13,2,147
"51","Polites",0,1,3,4,10,15,20,17,11,8,0,0,89
"52","Erynnis",2,7,22,29,29,36,36,37,63,21,6,1,290
"53","Erynnis",6,22,63,135,89,74,35,32,31,30,11,8,546
"54","Erynnis",9,5,6,5,28,28,9,9,4,3,2,2,110
"55","Amblyscirtes",6,3,5,3,6,14,1,2,0,0,1,1,42
"56","Carterocephalus",7,5,6,4,13,71,18,13,4,7,2,5,157
"57","Anatrytone",3,23,14,7,9,12,78,35,19,10,2,4,218
"58","Erynnis",1,2,8,14,13,7,2,0,2,1,3,0,54
"59","Oligoria",0,1,0,3,1,2,2,3,2,3,0,0,17
"60","Atrytonopsis",1,1,1,4,13,14,2,3,0,0,1,2,42
"61","Astraptes",13,7,1,8,9,12,5,20,10,18,31,15,156
"62","Urbanus",15,5,19,14,9,16,13,11,10,17,34,18,185
"63","Celotes",0,4,8,8,5,10,7,3,2,0,0,1,49
"64","Heliopetes",0,1,3,13,28,24,24,29,35,32,4,4,197
"65","Eantis",7,5,3,7,1,9,2,2,3,4,13,3,60
"66","Panoquina",3,0,2,5,1,3,4,5,4,6,2,1,36
"67","Systasea",1,1,4,1,5,9,3,5,5,6,2,1,44
"68","Atrytone",0,0,0,0,0,2,0,0,0,1,0,0,3
"69","Erynnis",0,0,0,1,5,5,3,0,1,1,0,0,16
"70","Amblyscirtes",1,1,1,7,9,6,3,4,6,4,0,2,44
"71","Amblyscirtes",0,1,0,0,0,1,1,4,3,0,0,0,10
"72","Hesperia",0,0,0,1,3,7,1,9,9,0,0,0,30
"73","Erynnis",0,5,44,41,44,18,7,0,2,3,1,1,166
"74","Hesperia",0,5,3,1,0,1,1,10,31,4,1,0,57
"75","Erynnis",0,0,2,1,2,2,4,2,0,0,1,0,14
"76","Amblyscirtes",6,3,4,3,16,19,3,6,2,1,0,1,64
"77","Pyrgus",1,0,4,13,7,8,10,2,2,1,1,0,53
"78","Calpodes",5,3,6,5,5,6,17,23,33,51,51,4,213
"79","Erynnis",0,0,1,0,0,7,0,0,0,2,0,0,10
"80","Antigonus",3,3,19,13,3,7,7,13,16,15,6,2,110
"81","Mylon",2,0,0,1,0,5,3,9,5,3,10,5,43
"82","Pyrgus",0,1,8,2,4,7,2,1,10,10,7,1,54
"83","Hesperia",1,1,1,4,3,18,7,1,0,3,0,1,41
"84","Timochares",0,7,0,1,1,4,2,6,0,0,0,1,22
"85","Polites",0,0,0,0,0,2,16,4,2,0,0,0,24
"86","Pompeius",4,5,8,5,6,52,49,29,12,7,4,7,190
"87","Cabares",0,4,1,4,1,1,4,8,4,4,1,0,33
"88","Atarnes",1,1,5,2,0,0,2,1,3,2,0,0,20
"89","Copaeodes",5,8,6,7,13,22,20,24,22,15,18,6,167
"90","Mysoria",0,0,2,3,2,4,4,3,2,0,0,0,20
"91","Achalarus",3,2,1,7,14,15,18,12,1,3,0,3,82
"92","Monca",0,1,1,0,0,2,1,0,1,0,1,1,8
"93","Epargyreus",0,1,0,1,0,2,1,1,0,0,0,0,6
"94","Xenophanes",1,2,2,4,0,2,5,3,4,7,1,6,37
"95","Staphylus",0,2,3,3,6,5,5,13,16,1,1,1,57
"96","Vettius",4,2,1,2,3,2,1,1,7,4,8,5,40
"97","Panoquina",0,0,5,0,1,1,2,5,10,7,1,1,33
"98","Celaenorrhinus",0,3,3,1,2,2,1,1,0,1,0,2,16
"99","Amblyscirtes",0,0,1,1,1,3,2,1,3,1,0,0,13
"100","Poanes",0,2,4,2,2,7,12,7,8,0,1,2,47
"101","Apyrrothrix",0,0,1,0,0,2,2,13,10,3,1,0,38
"102","Piruna",0,0,2,1,0,1,9,4,0,0,0,0,17
"103","Atrytonopsis",0,0,1,1,1,1,0,0,0,0,0,0,4
"104","Ochlodes",0,0,2,0,2,9,4,5,4,2,0,0,28
"105","Systasea",0,3,5,2,9,1,1,0,4,2,1,0,28
"106","Piruna",0,1,0,1,0,2,4,0,1,0,0,0,10
"107","Autochton",2,3,2,3,14,10,24,30,21,7,4,1,128
"108","Phocides",1,9,4,4,5,2,4,5,7,2,6,4,57
"109","Staphylus",1,2,5,10,8,5,7,16,13,4,3,2,76
"110","Arteurotia",3,0,0,4,0,1,0,0,1,0,4,13,26
"111","Hesperia",0,0,0,0,0,1,1,0,0,0,0,0,2
"112","Grais",0,2,0,1,0,1,0,1,3,5,1,0,14
"113","Proteides",0,1,0,5,1,1,2,2,0,4,0,0,16
"114","Polites",1,1,6,8,4,4,5,14,9,11,9,0,73
"115","Polygonus",2,1,1,3,0,0,4,13,7,6,1,0,39
"116","Phocides",1,0,6,2,0,2,0,1,2,1,2,1,19
"117","Euphyes",0,2,0,0,0,1,0,3,0,0,0,0,6
"118","Pyrrhopyge",0,0,0,0,2,1,1,1,2,2,0,0,9
"119","Euphyes",0,1,1,1,0,3,6,0,0,0,0,2,14
"120","Polyctor",2,2,2,1,0,1,0,2,0,1,0,2,13
"121","Ochlodes",4,4,10,3,4,4,44,233,174,51,12,3,553
"122","Thorybes",0,0,0,0,0,0,8,0,0,0,0,0,8
"123","Pyrgus",0,0,0,0,0,0,1,0,0,0,0,0,1
"124","Poanes",0,2,1,2,0,2,18,1,0,1,0,0,27
"125","Polythrix",0,0,0,0,0,2,2,2,1,0,0,0,7
"126","Hesperia",1,3,0,0,1,1,7,23,15,3,2,3,60
"127","Amblyscirtes",3,1,0,1,2,3,7,11,2,4,1,3,38
"128","Euphyes",0,1,0,0,1,0,15,1,1,2,0,3,24
"129","Staphylus",2,4,1,0,3,2,4,7,2,5,15,0,45
"130","Hesperia",0,0,0,0,0,0,2,0,1,0,0,0,3
"131","Paratrytone",0,0,0,0,0,0,1,3,2,0,0,0,6
"132","Lerodea",0,4,5,0,0,1,1,1,0,1,3,0,16
"133","Urbanus",0,2,5,3,5,0,2,2,1,4,2,1,27
"134","Urbanus",0,0,0,0,0,0,2,0,2,0,0,2,6
"135","Copaeodes",5,5,10,6,17,12,11,18,30,12,3,3,133
"136","Achalarus",0,4,3,2,2,3,0,2,1,2,0,0,19
"137","Epargyreus",0,0,0,0,0,0,0,1,0,0,0,0,1
"138","Antigonus",0,0,0,1,0,0,1,2,2,3,3,0,12
"139","Oarisma",0,1,2,1,1,1,3,3,0,0,0,0,12
"140","Quadrus",0,0,0,0,0,0,0,1,0,0,1,0,2
"141","Erynnis",0,1,1,0,9,0,6,0,3,1,0,0,21
"142","Heliopyrgus",3,1,3,2,1,0,1,4,4,1,0,1,21
"143","Chioides",1,4,7,10,9,6,5,11,7,9,8,6,84
"144","Hesperia",0,3,0,0,1,5,1,0,0,0,0,0,10
"145","Zopyrion",1,4,1,2,3,1,1,3,10,7,5,4,42
"146","Chiomara",8,6,2,0,0,3,6,7,4,15,11,4,66
"147","Epargyreus",0,0,0,0,0,0,0,4,1,1,1,0,7
"148","Amblyscirtes",0,0,0,2,2,0,1,7,0,1,0,0,13
"149","Cogia",0,0,1,0,6,0,0,2,3,0,0,0,12
"150","Asbolis",5,5,5,3,1,0,6,6,2,2,2,1,39
"151","Astraptes",2,1,1,0,2,1,0,2,2,2,3,2,19
"152","Nastra",1,1,0,1,2,1,4,18,5,1,1,0,35
"153","Cogia",0,0,0,0,0,0,1,2,0,0,0,0,3
"154","Achlyodes",0,0,0,0,0,0,0,1,1,0,0,0,3
"155","Panoquina",2,0,6,2,2,0,2,3,4,4,9,3,37
"156","Cymaenes",1,2,0,2,0,0,1,3,2,1,0,2,14
"157","Pythonides",1,0,0,0,0,0,0,0,1,0,0,0,3
"158","Polythrix",1,0,0,1,0,0,0,2,0,0,1,1,6
"159","Urbanus",0,0,0,0,1,0,0,0,0,1,1,0,3
"160","Cymaenes",0,0,0,0,0,0,0,0,0,0,1,0,1
"161","Thessia",1,6,0,1,0,0,0,0,0,0,0,0,8
"162","Heliopetes",1,2,0,1,1,0,2,1,0,1,2,1,13
"163","Cycloglypha",0,0,0,0,0,0,1,2,1,3,0,1,9
"164","Gorgythion",2,0,1,1,3,0,2,2,2,5,2,0,20
"165","Autochton",0,1,1,0,1,2,0,0,0,2,2,0,9
"166","Achlyodes",0,0,0,1,1,0,0,0,1,0,0,0,3
"167","Urbanus",1,1,1,1,1,0,0,1,2,1,3,0,12
"168","Codatractus",0,0,0,0,1,0,0,0,0,0,0,0,1
"169","Nisoniades",4,2,2,1,1,1,0,0,0,1,2,1,15
"170","Elbella",0,0,1,1,0,0,0,0,0,1,0,1,4
"171","Thespieus",0,0,0,0,0,0,1,0,0,2,0,0,3
"172","Chiomara",1,2,0,0,0,1,4,0,0,2,1,0,11
"173","Synapte",0,2,2,0,0,0,0,0,0,0,0,0,4
"174","Spathilepia",5,8,2,4,1,0,1,4,1,3,2,9,40
"175","Paches",1,2,0,0,0,0,0,0,1,0,1,1,6
"176","Synapte",2,3,6,2,5,1,0,0,0,0,2,6,27
"177","Quadrus",0,1,2,0,1,0,0,0,0,0,2,0,6
"178","Atrytonopsis",0,0,3,1,0,1,0,1,0,3,0,0,9
"179","Vidius",1,0,0,1,1,0,0,0,0,1,6,1,11
"180","Cymaenes",2,4,4,1,2,0,1,3,0,0,13,3,33
"181","Cogia",0,2,1,0,0,2,3,2,2,5,12,1,30
"182","Astraptes",2,0,2,2,1,0,0,1,2,2,0,2,14
"183","Megathymus",0,0,4,5,1,0,0,0,0,0,0,0,10
"184","Codatractus",0,2,1,0,0,0,2,1,1,0,0,0,7
"185","Achalarus",1,2,0,0,5,0,0,0,0,1,0,0,9
"186","Autochton",1,2,1,4,4,0,0,1,2,3,0,0,19
"187","Pholisora",1,0,0,1,0,0,1,3,0,0,0,0,6
"188","Pompeius",2,1,0,0,0,1,2,0,2,2,1,1,12
"189","Theagenes",0,0,0,0,0,0,1,2,0,1,0,0,4
"190","Timochares",0,0,0,1,0,0,2,4,0,1,1,0,9
"191","Piruna",0,0,0,0,0,0,0,0,0,1,0,0,1
"192","Amblyscirtes",0,0,1,0,1,3,3,4,2,1,0,0,15
"193","Perichares",0,2,1,0,0,1,0,0,0,0,1,1,6
"194","Anatrytone",0,0,0,0,0,0,0,0,0,0,0,1,1
"195","Aguna",0,1,2,0,2,0,0,1,1,5,0,0,12
"196","Amblyscirtes",0,1,1,0,0,0,2,0,0,0,0,0,4
"197","Urbanus",1,1,4,2,1,0,5,4,3,2,1,1,25
"198","Pyrgus",0,1,0,0,0,1,0,0,0,0,1,0,3
"199","Erynnis",0,0,0,1,0,0,1,0,0,0,0,0,2
"200","Amblyscirtes",0,2,0,1,1,1,3,2,1,0,0,0,11
"201","Pyrrhopyge",2,0,0,0,0,0,0,0,0,0,0,0,2
"202","Polythrix",0,0,1,1,2,0,2,0,2,0,1,1,10
"203","Poanes",0,0,1,0,1,1,0,5,2,1,0,0,11
"204","Euphyes",0,0,0,0,0,0,0,1,0,0,0,0,1
"205","Problema",1,2,0,0,1,0,0,6,1,2,0,0,13
"206","Perichares",2,0,0,0,0,0,0,0,1,0,0,1,4
"207","Poanes",1,1,0,0,0,1,0,0,1,1,0,0,5
"208","Decinea",0,0,1,0,0,0,0,1,0,1,5,1,9
"209","Pellicia",0,2,1,0,3,1,1,2,1,1,19,3,34
"210","Codatractus",0,0,0,0,0,2,0,0,0,1,0,0,3
"211","Lerema",2,0,1,0,0,0,1,0,1,1,2,0,8
"212","Typhedanus",0,0,0,0,0,0,0,0,0,1,0,0,1
"213","Achalarus",0,0,0,0,0,0,0,2,0,1,1,0,4
"214","Aguna",1,3,0,0,0,1,1,0,0,1,1,0,8
"215","Nyctelius",0,2,0,0,0,0,1,2,0,1,1,1,8
"216","Nastra",1,2,1,0,2,0,1,1,1,2,5,2,18
"217","Mysoria",0,0,0,0,0,0,0,3,0,11,0,0,14
"218","Autochton",0,0,0,0,0,0,0,0,0,2,0,0,2
"219","Synapte",0,0,0,0,0,0,0,0,0,2,1,0,3
"220","Thespieus",0,0,0,0,0,0,0,0,0,1,1,0,3
"221","Heliopyrgus",1,1,0,0,0,1,1,1,0,1,1,0,7
"222","Nascus",0,1,0,0,0,0,0,2,2,0,3,1,9
"223","Astraptes",0,0,0,0,0,0,0,0,0,0,2,0,2
"224","Anthoptus",0,0,0,0,0,0,0,0,0,0,1,0,1
"225","Ancyloxypha",1,0,0,1,1,0,1,0,0,2,1,0,7
"226","Urbanus",2,0,3,0,0,0,0,0,0,0,1,3,9
"227","Remella",0,0,1,1,1,0,0,0,1,0,3,0,8
"228","Celaenorrhinus",1,1,0,0,0,0,2,0,0,0,2,0,6
"229","Astraptes",0,1,0,0,0,0,0,0,0,0,1,0,2
"230","Panoquina",0,0,0,0,0,0,0,0,0,0,2,0,2
"231","Panoquina",2,6,0,2,0,0,0,2,0,0,4,0,16
"232","Celaenorrhinus",0,1,1,0,0,0,0,0,0,0,1,0,3
"233","Ephyriades",1,2,4,0,0,1,0,0,1,0,1,0,10
"234","Saliana",0,0,0,0,0,0,1,0,0,0,1,0,2
"235","Heliopetes",1,0,1,2,0,0,0,1,0,0,1,2,8
"236","Quasimellana",0,2,0,0,0,2,0,2,1,2,3,2,14
"237","Noctuana",1,0,0,0,0,0,1,2,2,3,2,1,12
"238","Phanus",0,1,0,0,0,0,0,0,0,0,0,1,2
"239","Zariaspes",0,1,0,1,1,0,0,0,0,0,0,1,4
"240","Doberes",0,0,0,0,0,0,0,0,0,0,0,1,1
"241","Cogia",0,0,0,0,0,0,0,0,0,0,0,1,1
"242","Codatractus",0,0,0,0,0,0,0,0,0,0,0,1,1
"243","Celaenorrhinus",0,0,0,0,0,0,0,0,0,0,0,1,1
"244","Hesperopsis",0,0,0,0,1,0,1,0,2,0,0,2,6
"245","Flaccilla",0,1,0,0,0,0,0,0,0,0,0,3,4
"246","Staphylus",0,0,0,0,0,0,0,0,0,0,0,2,2
"247","Quinta",0,0,1,1,0,0,0,0,0,0,0,1,3
"248","Jonaspyge",0,0,0,0,0,0,0,0,0,0,0,1,1
"249","Niconiades",0,0,0,0,0,0,0,0,0,0,0,1,1
"250","Piruna",0,0,0,0,3,0,0,0,0,0,0,1,4
"251","Sostrata",1,0,0,0,0,0,0,0,0,0,3,3,7
"252","Aides",2,0,0,0,0,0,0,1,0,0,0,1,4
"253","Polites",3,2,3,2,1,0,1,1,0,0,0,0,13
"254","Amblyscirtes",1,0,0,0,0,0,0,0,0,0,0,0,1
"255","Librita",0,1,1,0,0,0,0,0,0,0,0,0,2
"256","Phocides",1,1,0,0,1,0,2,1,5,0,0,0,11
"257","Carrhenes",1,0,1,0,2,0,0,1,1,1,0,0,7
"258","Oarisma",1,0,0,0,0,0,1,1,0,0,0,0,3
"259","Erynnis",0,1,2,1,5,0,0,0,0,0,0,0,9
"260","Paches",0,1,0,0,0,0,0,0,0,1,0,1,3
"261","Anastrus",0,0,0,0,1,0,0,2,0,0,0,0,3
"262","Epargyreus",0,0,0,0,1,0,0,0,0,0,0,0,1
"263","Erynnis",0,0,0,1,3,0,0,0,0,0,0,0,4
"264","Hesperia",0,0,3,6,5,1,1,0,2,3,0,0,21
"265","Nastra",0,0,0,0,0,0,1,0,0,0,0,0,1
"266","Anisochoria",0,0,0,0,0,2,0,0,0,0,0,0,2
"267","Panoquina",0,0,1,1,0,1,1,1,0,1,7,0,13
"268","Argon",0,0,0,0,0,1,0,0,0,0,0,0,1
"269","Codatractus",0,0,0,2,0,2,1,1,2,1,0,0,9
"270","Hesperia",0,0,0,0,0,0,1,0,0,5,0,0,6
"271","Hesperia",0,0,0,1,5,0,1,1,0,0,0,0,8
"272","Hesperopsis",0,0,0,3,0,1,1,1,0,0,0,1,7
"273","Synapte",0,0,0,0,0,0,0,1,0,0,0,0,1
"274","Lycas",0,0,0,0,1,0,0,0,0,2,0,0,3
"275","Amblyscirtes",0,0,0,0,1,0,0,0,0,0,0,0,1
"276","Atrytonopsis",1,0,0,1,0,0,0,0,0,1,0,0,3
"277","Ocyba",0,0,0,0,0,0,0,1,0,0,0,0,1
"278","Urbanus",0,0,1,1,1,0,0,1,0,0,1,0,5
"279","Codatractus",0,0,0,1,0,0,0,1,1,0,0,0,3
"280","Neoxeniades",6,0,0,3,1,0,0,0,0,0,0,14,24
"281","Monca",1,0,0,1,0,0,0,0,0,0,0,0,2
"282","Chioides",0,0,0,1,0,1,1,0,0,0,0,0,3
"283","Pythonides",0,0,0,0,0,0,1,0,0,0,0,0,1
"284","Antigonus",0,1,0,1,0,0,1,0,1,1,0,0,5
"285","Urbanus",0,0,0,1,0,0,1,0,0,1,0,0,3
"286","Polites",0,0,2,1,0,0,0,0,0,0,0,0,3
"287","Bolla",0,0,1,0,0,0,0,0,0,0,0,0,1
"288","Typhedanus",0,0,1,1,0,0,0,0,0,0,0,0,2
"289","Zariaspes",0,0,0,1,0,0,0,0,0,0,0,0,1
"290","Bolla",0,1,0,0,0,0,0,0,0,0,0,0,1
"291","Remella",0,0,0,0,0,0,0,0,0,1,0,0,1
"292","Atrytonopsis",0,0,0,0,0,2,0,0,0,0,0,0,2
"293","Piruna",0,0,0,0,0,0,0,3,2,0,0,2,7
"294","Hesperia",0,0,0,0,0,0,0,2,0,1,0,0,3
"295","Mylon",1,0,2,0,0,1,0,0,0,0,0,0,4
"296","Aguna",0,1,0,0,0,0,0,0,0,0,0,0,1
"297","Zestusa",0,1,1,1,0,0,0,0,0,0,0,0,3
"298","Megathymus",1,0,0,0,0,0,1,0,0,0,1,0,3
"299","Euphyes",0,0,1,0,0,0,1,0,0,0,0,0,2
"300","Euphyes",0,0,0,0,0,0,1,0,1,2,0,0,4
"301","Polyctor",0,0,0,1,0,0,0,3,2,2,0,0,8
"302","Megathymus",0,1,0,0,0,0,0,0,1,0,0,0,2
"303","Quasimellana",0,0,0,1,0,0,0,0,0,0,0,0,1
"304","Mucia",0,0,1,0,0,0,0,0,0,0,0,0,1
"305","Noctuana",0,0,1,0,0,0,1,0,1,0,0,0,3
"306","Callimormus",0,1,4,0,0,0,0,0,1,1,0,0,7
"307","Hesperia",0,0,0,1,0,0,0,0,0,0,0,0,1
"308","Amblyscirtes",0,0,0,0,4,0,0,0,0,0,0,0,4
"309","Mysoria",0,0,0,1,0,0,0,0,1,0,0,1,3
"310","Jemadia",0,0,0,0,0,0,0,0,1,0,0,0,1
"311","Ouleus",0,0,0,0,0,0,0,0,1,0,0,0,1
"312","Piruna",0,0,0,0,0,0,1,0,0,1,0,0,2
"313","Autochton",0,0,1,0,0,0,0,1,0,1,0,0,3
"314","Callimormus",0,0,0,0,0,0,0,0,0,1,0,0,1
"315","Vacerra",0,0,1,0,0,0,0,0,0,0,0,0,1
"316","Antigonus",0,0,0,0,0,0,1,1,4,0,0,0,6
"317","Chiomara",0,0,0,0,0,0,0,0,2,0,0,0,2
"318","Adopaeoides",0,0,0,0,0,0,0,0,1,0,0,0,1
"319","Pachyneuria",0,0,3,0,0,0,0,0,1,0,0,0,4
"320","Zera",0,0,0,0,0,0,1,0,0,2,0,0,3
"321","Myscelus",0,0,0,1,0,0,0,0,0,0,0,0,1
"322","Vehilius",0,0,1,0,0,0,1,0,0,1,0,0,4
"323","Aethilla",0,0,0,1,0,0,0,0,0,0,0,0,1
"324","Poanes",0,0,0,1,0,0,0,0,0,0,0,0,1
"325","Milanion",0,0,0,1,0,0,0,0,0,0,0,0,1
"326","Epargyreus",0,0,0,0,0,1,1,0,1,0,0,0,3
"327","Gorgythion",0,0,0,0,0,1,0,0,0,0,0,0,1
"328","Nisoniades",0,0,0,0,0,0,0,0,0,1,0,0,1
"329","Phanes",0,0,0,0,0,0,0,0,0,0,1,0,1
"330","Phanes",0,0,0,0,0,0,0,0,0,0,1,0,1
"331","Panoquina",0,0,0,0,0,0,0,0,1,0,2,0,3
"332","Telemiades",1,0,0,0,0,0,0,0,1,0,0,0,2
"333","Carrhenes",0,0,1,0,0,0,1,0,1,0,0,0,3
"334","Ebrietas",0,0,0,0,0,0,0,0,1,0,0,0,1
"335","Polygonus",0,0,0,0,0,0,0,0,0,1,0,0,1
"336","Vacerra",0,0,0,0,0,0,0,1,0,0,0,0,1
"337","Thorybes",0,0,0,0,0,0,1,1,0,0,0,0,2
"338","Amblyscirtes",0,0,0,0,0,0,0,2,0,0,0,0,2
"339","Agathymus",0,0,0,0,0,0,0,0,0,1,0,0,1
"340","Dalla",0,0,0,0,0,0,0,1,1,0,0,0,2
"341","Doberes",0,0,0,0,0,0,0,0,1,0,0,0,1
"342","Piruna",0,0,0,0,0,1,0,0,1,0,0,0,2
"343","Remella",0,1,1,0,0,0,0,0,0,0,0,0,2
"344","Stinga",0,0,1,0,0,0,0,0,0,0,0,0,1
"345","Amblyscirtes",0,0,1,0,0,0,0,0,0,0,0,0,1
"346","Halotus",0,0,1,0,0,0,0,0,0,0,0,0,1
"347","Ebrietas",0,0,1,0,0,0,0,0,0,0,0,0,1
"348","Astraptes",0,0,1,0,0,0,0,0,0,0,0,0,1
"349","Amblyscirtes",0,0,0,0,0,0,1,0,0,0,0,0,1
"350","Staphylus",0,0,0,0,0,0,1,0,0,0,0,0,1
"351","Piruna",0,0,0,0,0,0,1,1,0,0,0,0,2
"352","Pheraeus",0,0,0,0,1,0,0,0,0,0,0,0,1
"353","Dalla",0,0,0,0,0,0,2,0,0,0,0,0,2
"354","Rhinthon",1,0,0,0,0,0,0,0,0,0,0,0,1
"355","Polites",0,0,0,0,0,0,1,0,0,0,0,0,1
"356","Saliana",1,1,0,0,0,0,0,0,0,0,0,0,2
"357","Oarisma",0,0,0,0,0,0,0,1,0,0,0,0,1
"358","Papilio",7,134,18,17,31,27,46,52,55,16,3,4,446
"359","Papilio",40,59,113,206,254,208,289,383,306,141,39,37,2195
"360","Papilio",4,17,14,13,30,190,45,41,9,11,2,5,392
"361","Papilio",36,82,190,333,304,338,573,877,398,116,65,45,3498
"362","Papilio",23,34,104,140,196,180,130,90,92,45,16,12,1098
"363","Battus",22,53,134,286,276,193,242,301,283,275,75,44,2296
"364","Papilio",10,26,37,57,119,130,192,337,148,48,22,20,1187
"365","Papilio",5,11,24,25,18,18,22,51,41,26,9,6,259
"366","Papilio",1,1,0,4,5,2,4,5,1,23,4,1,53
"367","Papilio",7,21,32,43,27,47,51,135,107,571,16,10,1077
"368","Papilio",0,0,1,0,0,0,0,0,0,0,0,0,3
"369","Papilio",33,6,6,6,4,5,4,10,5,16,3,1,113
"370","Papilio",15,18,42,105,108,215,232,122,67,26,24,4,1012
"371","Papilio",8,7,32,83,91,145,97,33,11,10,10,3,542
"372","Papilio",6,6,18,36,18,19,38,45,42,298,15,11,577
"373","Eurytides",2,19,27,71,47,89,50,52,26,17,5,5,413
"374","Papilio",0,0,0,1,2,7,4,2,2,1,0,0,19
"375","Parnassius",3,2,2,0,2,13,29,22,5,1,1,1,81
"376","Battus",12,6,4,8,7,10,18,17,20,11,5,6,124
"377","Eurytides",0,0,0,0,0,2,6,0,1,0,0,0,11
"378","Papilio",0,1,2,1,2,3,4,4,3,6,1,1,30
"379","Papilio",1,0,0,0,0,2,2,1,0,2,0,0,8
"380","Papilio",8,12,15,47,52,47,63,69,64,25,21,7,445
"381","Protographium",2,1,0,1,0,7,3,2,1,0,0,1,19
"382","Parnassius",3,0,7,0,1,7,11,9,7,4,2,1,52
"383","Papilio",0,1,0,1,0,1,0,0,1,3,0,0,9
"384","Protesilaus",0,0,0,0,1,1,0,0,0,1,0,0,3
"385","Papilio",0,0,0,1,0,1,0,4,0,8,0,0,14
"386","Papilio",1,1,2,0,0,2,2,0,1,16,0,1,27
"387","Mimoides",0,0,0,1,1,1,1,2,0,0,1,0,7
"388","Papilio",0,0,0,0,0,0,1,0,0,0,0,0,1
"389","Papilio",0,0,0,0,0,0,0,2,0,0,2,1,6
"390","Parides",7,2,5,12,8,4,7,4,8,5,6,11,81
"391","Battus",0,0,0,0,0,0,1,0,0,0,0,0,1
"392","Parides",0,0,1,1,2,0,0,5,2,0,1,0,12
"393","Parides",0,1,3,1,1,1,3,6,5,3,1,1,27
"394","Papilio",3,0,2,1,4,1,3,5,5,3,4,5,36
"395","Papilio",0,3,0,0,0,1,0,1,0,2,0,0,8
"396","Papilio",0,0,2,3,0,2,0,1,0,1,0,0,9
"397","Protographium",0,0,0,0,0,0,2,2,0,0,0,0,4
"398","Papilio",0,0,0,1,0,0,0,0,0,1,1,0,3
"399","Battus",0,0,0,0,0,0,0,1,0,1,0,0,2
"400","Parides",0,0,0,1,0,0,1,1,3,0,1,0,7
"401","Eurytides",0,0,0,5,1,0,5,0,0,1,1,0,14
"402","Parides",0,0,0,0,1,0,0,0,1,0,0,0,2
"403","Mimoides",0,0,0,0,0,1,0,1,0,0,0,0,2
"404","Papilio",0,0,0,0,0,0,0,5,0,0,0,0,5
"405","Eurytides",0,1,0,0,0,0,0,0,0,0,0,0,2
"406","Parnassius",0,0,2,0,0,1,1,0,3,0,0,0,7
"407","Papilio",0,0,0,1,0,0,2,2,1,0,0,0,6
"408","Papilio",0,0,0,0,0,0,0,0,0,1,0,1,3
"409","Parnassius",0,1,0,1,0,2,5,3,0,2,0,1,15
"410","Heraclides",0,0,0,0,0,0,0,0,1,0,0,0,1
"411","Parnassius",0,1,0,0,0,0,0,0,0,0,0,0,1
"412","Mimoides",0,0,0,0,0,1,0,0,0,0,0,0,1
"413","Baronia",0,0,0,0,0,1,1,0,0,1,0,0,3
"414","Eurytides",0,0,0,0,0,0,1,0,0,0,0,1,2
"415","Pieris",1,3,2,20,20,3,0,0,2,0,1,0,53
"416","Colias",38,110,119,187,118,148,158,211,245,320,108,67,1855
"417","Pontia",15,32,77,168,153,167,181,112,88,61,45,23,1138
"418","Colias",1,0,0,0,0,3,19,3,3,1,0,1,32
"419","Phoebis",11,10,9,19,9,14,26,16,44,53,47,31,296
"420","Colias",7,22,22,25,26,36,93,110,166,108,23,12,656
"421","Euchloe",0,1,16,16,21,15,3,0,1,2,0,1,76
"422","Pieris",80,105,254,328,360,545,628,546,521,514,123,43,4124
"423","Phoebis",35,36,39,62,38,30,74,168,260,319,98,71,1269
"424","Kricogonia",14,12,17,28,16,13,11,20,21,20,11,8,193
"425","Eurema",1,1,0,2,2,1,2,0,2,2,4,3,20
"426","Pyrisitia",11,9,9,5,4,4,4,15,16,69,67,36,253
"427","Zerene",16,26,19,35,22,17,21,25,56,92,109,36,494
"428","Ascia",31,23,28,46,32,32,56,39,28,30,52,30,435
"429","Itaballia",1,0,0,1,0,1,0,0,1,0,0,0,4
"430","Dismorphia",0,0,1,0,0,0,0,0,2,2,1,0,6
"431","Abaeis",16,22,28,45,57,51,65,167,104,111,57,33,767
"432","Ganyra",2,1,1,5,2,6,9,4,2,5,3,14,54
"433","Eurema",9,4,8,12,6,14,20,20,9,15,10,17,147
"434","Anthocharis",2,50,119,133,75,24,11,5,3,4,5,2,441
"435","Nathalis",28,47,48,101,84,83,53,51,68,129,116,41,871
"436","Pieriballia",0,1,2,2,1,0,0,1,2,2,0,1,14
"437","Pieris",2,4,5,5,35,23,25,7,6,3,2,1,121
"438","Pyrisitia",22,15,15,31,50,67,83,102,115,184,122,53,873
"439","Pontia",1,4,6,5,7,5,0,1,0,0,0,0,29
"440","Colias",0,0,0,0,0,3,6,3,0,0,1,1,14
"441","Pieris",11,42,64,50,26,28,16,13,7,5,2,0,270
"442","Pontia",0,1,7,3,7,9,17,7,2,1,2,1,57
"443","Neophasia",2,1,3,0,1,7,16,17,12,4,0,1,64
"444","Zerene",0,0,2,4,5,16,4,4,2,5,2,0,47
"445","Lieinix",0,0,0,2,0,0,0,0,0,0,1,0,5
"446","Anthocharis",2,0,13,3,2,2,1,1,0,0,0,1,25
"447","Leptophobia",2,1,9,8,7,12,14,8,9,26,14,10,137
"448","Anteos",9,6,12,12,4,3,8,28,7,9,5,9,119
"449","Eurema",4,2,2,7,13,7,11,10,20,10,6,4,98
"450","Pieris",0,1,0,0,0,3,3,0,0,0,0,0,7
"451","Prestonia",0,1,0,1,2,1,2,3,0,0,0,0,10
"452","Catasticta",2,1,2,4,0,1,4,4,5,4,1,2,34
"453","Pontia",0,0,2,1,1,1,17,11,2,3,0,0,38
"454","Neophasia",0,0,0,0,0,1,1,1,0,2,0,0,5
"455","Anthocharis",0,0,0,0,0,1,0,0,0,0,0,0,1
"456","Anteos",6,3,3,11,1,4,9,21,14,7,4,3,93
"457","Catasticta",12,8,5,4,3,4,11,11,17,24,22,28,177
"458","Euchloe",1,0,2,2,0,1,1,0,0,0,0,1,8
"459","Eurema",2,3,1,2,0,3,3,9,9,9,2,1,45
"460","Anthocharis",1,16,59,39,8,3,3,3,0,6,3,5,146
"461","Colias",0,0,1,0,0,0,3,4,0,1,0,0,9
"462","Colias",0,0,0,0,0,0,1,0,0,0,0,0,1
"463","Pyrisitia",0,3,2,3,3,2,10,2,2,2,7,5,43
"464","Aphrissa",0,1,0,1,0,1,6,2,2,1,0,1,15
"465","Perrhybris",0,0,0,0,0,0,0,1,0,0,0,0,1
"466","Glutophrissa",2,6,0,4,0,1,5,5,3,2,2,4,35
"467","Phoebis",6,4,6,4,3,1,7,11,14,12,14,4,90
"468","Phoebis",1,1,3,2,3,0,4,5,0,4,2,0,27
"469","Pyrisitia",0,1,0,1,1,0,5,2,1,2,0,1,14
"470","Rhabdodryas",0,0,0,0,0,1,0,0,0,1,4,0,6
"471","Melete",2,0,0,2,1,0,0,0,0,0,2,2,9
"472","Colias",1,0,0,2,0,3,0,0,1,0,0,0,7
"473","Colias",0,0,0,0,0,0,0,0,2,0,0,0,2
"474","Colias",0,0,0,0,0,0,0,0,1,1,0,0,2
"475","Enantia",0,0,0,1,0,0,0,0,2,2,0,0,6
"476","Euchloe",0,0,4,7,11,1,0,1,1,1,1,1,28
"477","Catasticta",0,1,0,0,0,2,0,2,1,1,1,0,8
"478","Pereute",0,2,2,1,0,0,1,1,0,1,1,3,13
"479","Phoebis",0,2,1,2,0,0,0,0,1,2,0,1,10
"480","Colias",1,0,0,1,1,1,1,6,1,1,0,2,15
"481","Colias",0,0,0,0,0,0,0,0,0,0,0,1,1
"482","Enantia",0,1,0,0,0,0,0,0,0,1,0,0,2
"483","Eucheira",0,1,0,0,0,0,0,0,0,0,0,0,1
"484","Anthocharis",0,0,0,1,1,0,1,1,0,0,0,0,4
"485","Eurema",0,0,0,1,0,0,2,0,0,0,0,0,3
"486","Colias",0,0,1,0,0,0,1,6,2,0,0,0,10
"487","Ganyra",0,0,0,0,0,1,0,2,0,0,0,0,3
"488","Hesperocharis",0,1,0,0,0,0,0,0,0,0,0,0,1
"489","Euchloe",0,0,0,1,0,0,1,0,0,0,0,0,2
"490","Hesperocharis",0,0,0,1,0,0,0,0,0,0,0,0,1
"491","Eurema",0,0,0,0,0,2,0,0,0,0,0,0,2
"492","Ganyra",0,1,0,0,0,0,0,0,0,0,0,0,1
"493","Satyrium",4,15,12,7,23,48,82,22,10,6,10,6,245
"494","Lycaena",0,0,0,0,0,4,19,13,0,0,0,2,38
"495","Icaricia",0,0,0,1,0,0,1,0,0,0,0,11,13
"496","Lycaena",0,3,2,2,54,51,6,2,4,0,1,0,126
"497","Callophrys",0,2,19,17,9,1,1,1,0,0,4,1,56
"498","Cupido",30,33,61,167,218,234,370,349,384,187,21,24,2101
"499","Celastrina",12,7,23,7,22,56,137,132,58,20,4,9,489
"500","Celastrina",1,3,6,7,37,9,14,7,9,6,1,1,102
"501","Euphilotes",0,1,1,0,36,37,11,2,3,1,1,2,96
"502","Celastrina",8,45,104,88,120,142,46,23,16,15,7,32,660
"503","Celastrina",3,4,19,58,54,21,4,4,4,3,2,0,177
"504","Cupido",1,1,9,4,7,16,19,9,3,1,1,1,73
"505","Callophrys",0,0,0,1,0,2,2,1,0,0,0,0,6
"506","Callophrys",1,0,2,2,2,0,1,1,0,0,0,0,9
"507","Calycopis",16,20,41,51,61,70,74,124,139,78,17,5,703
"508","Strymon",13,14,15,15,10,12,9,11,13,41,67,25,247
"509","Electrostrymon",0,1,0,0,0,1,1,2,2,0,0,0,7
"510","Hemiargus",17,22,13,27,32,43,57,73,86,97,74,28,582
"511","Icaricia",2,2,18,11,23,38,49,43,24,18,0,595,828
"512","Glaucopsyche",5,20,102,73,55,119,37,14,11,9,10,4,466
"513","Callophrys",1,5,72,50,9,8,7,0,0,1,0,3,160
"514","Brephidium",46,19,44,51,43,51,74,66,132,127,81,27,767
"515","Strymon",33,89,124,344,281,275,330,377,495,430,81,30,2946
"516","Satyrium",1,1,3,1,23,27,7,1,1,1,0,2,68
"517","Satyrium",1,2,1,0,21,14,19,4,2,1,0,0,65
"518","Echinargus",22,15,55,105,136,116,75,87,66,53,29,23,789
"519","Callophrys",6,11,45,57,75,47,9,4,1,5,3,1,267
"520","Satyrium",1,4,0,2,37,54,49,13,1,1,0,2,165
"521","Lycaena",5,11,3,5,5,29,33,28,40,15,3,5,184
"522","Lycaena",16,16,23,54,60,87,109,99,137,94,15,13,731
"523","Leptotes",14,12,15,49,92,124,123,88,99,68,68,14,789
"524","Strymon",0,0,2,2,0,3,0,2,0,0,0,0,9
"525","Callophrys",3,1,11,14,16,19,14,6,4,2,3,0,93
"526","Callophrys",0,0,1,9,9,3,0,2,1,1,0,0,26
"527","Ministrymon",3,1,2,4,9,6,9,7,4,3,9,3,60
"528","Callophrys",9,38,79,90,70,27,42,27,37,20,1,7,452
"529","Erora",0,0,0,0,2,2,1,1,0,0,0,1,7
"530","Satyrium",1,0,0,0,0,2,1,2,0,0,0,0,6
"531","Satyrium",1,0,1,0,0,23,33,4,5,0,0,1,68
"532","Feniseca",8,2,4,7,12,26,17,22,16,4,3,2,125
"533","Eumaeus",9,2,9,9,2,9,6,5,2,2,3,1,64
"534","Callophrys",5,7,4,23,47,14,4,6,4,5,1,1,121
"535","Atlides",17,24,19,28,29,17,19,25,40,84,17,13,339
"536","Plebejus",0,0,0,1,0,7,3,5,1,2,0,4,23
"537","Plebejus",2,0,9,2,2,12,24,19,12,4,0,29,115
"538","Lycaena",1,0,1,0,0,1,7,4,1,3,0,0,19
"539","Icaricia",1,0,14,4,7,13,26,17,1,0,0,95,179
"540","Satyrium",1,2,2,0,8,19,9,3,0,1,1,0,46
"541","Callophrys",0,4,2,1,3,8,10,5,2,2,0,1,38
"542","Callophrys",2,17,34,29,26,3,3,2,5,3,1,3,130
"543","Parrhasius",2,3,7,15,9,4,2,18,25,13,1,0,101
"544","Strymon",4,3,4,3,3,6,0,3,0,1,2,0,29
"545","Lycaena",1,2,4,0,0,2,19,18,2,0,0,1,50
"546","Lycaena",1,3,2,2,5,22,18,5,3,3,0,2,66
"547","Habrodais",1,2,2,0,0,9,17,24,7,1,4,0,67
"548","Ministrymon",2,1,0,1,3,6,5,6,5,4,0,3,36
"549","Leptotes",18,8,18,20,16,14,15,17,16,17,29,11,200
"550","Glaucopsyche",0,0,3,1,0,4,10,0,1,0,0,0,19
"551","Strymon",0,0,0,0,0,2,0,1,1,1,1,0,6
"552","Atlides",3,0,0,3,0,2,1,0,0,1,0,4,14
"553","Brangas",4,0,0,3,0,1,4,0,0,0,0,2,14
"554","Rekoa",0,0,0,0,0,1,0,0,0,0,0,0,1
"555","Thereus",0,0,0,0,0,1,1,0,0,0,0,0,2
"556","Satyrium",1,1,2,0,0,3,23,6,0,0,0,1,37
"557","Lycaena",0,4,1,1,23,53,6,0,3,0,1,1,93
"558","Pseudolycaena",8,2,1,2,3,6,2,3,5,1,1,2,38
"559","Satyrium",3,2,9,1,2,7,49,17,7,2,1,2,102
"560","Satyrium",3,4,5,6,1,9,43,19,3,2,4,4,103
"561","Calycopis",9,29,74,40,36,24,34,12,12,69,38,10,388
"562","Icaricia",0,0,5,3,2,13,18,9,0,3,0,44,97
"563","Strymon",2,5,3,3,2,5,3,4,9,4,12,1,53
"564","Rekoa",4,4,1,3,3,5,1,0,0,3,0,0,25
"565","Satyrium",0,1,2,2,0,3,16,2,1,0,0,7,36
"566","Arawacus",10,2,8,4,6,6,5,10,7,3,2,1,67
"567","Callophrys",1,1,1,0,1,2,1,0,0,0,0,0,7
"568","Euphilotes",0,0,3,0,0,2,8,2,0,0,0,0,15
"569","Plebejus",0,0,0,0,0,1,0,0,0,0,0,0,1
"570","Erora",0,0,0,4,0,2,0,1,0,0,0,1,8
"571","Lycaena",1,1,3,1,1,9,16,2,3,2,1,1,41
"572","Celastrina",0,0,0,0,0,1,0,0,0,0,0,0,1
"573","Panthiades",0,0,0,2,1,1,0,0,1,1,0,41,47
"574","Lycaena",3,1,3,4,6,11,11,28,17,21,1,0,106
"575","Plebejus",0,2,0,0,1,1,6,3,6,3,6,2,30
"576","Agriades",0,0,0,0,0,6,12,6,1,0,0,11,36
"577","Lycaena",1,0,1,1,0,3,18,21,2,1,0,0,48
"578","Lycaena",0,2,3,0,1,5,13,6,2,0,1,0,33
"579","Callophrys",0,0,0,10,4,1,1,0,0,0,0,0,16
"580","Satyrium",0,0,3,4,0,0,15,4,1,3,0,7,37
"581","Agriades",0,3,6,3,0,0,4,5,3,1,0,6,31
"582","Lycaena",1,2,3,1,0,0,10,7,1,2,2,1,32
"583","Evenus",1,1,2,0,1,0,3,3,1,1,0,0,14
"584","Phaeostrymon",0,1,1,3,41,4,3,0,0,0,0,1,54
"585","Euphilotes",0,1,1,0,2,1,6,3,0,0,0,1,15
"586","Plebejus",0,0,1,0,0,0,7,6,1,0,2,0,17
"587","Lycaena",0,0,2,0,0,0,2,0,1,0,0,1,6
"588","Rekoa",0,0,0,0,0,0,0,1,2,1,0,0,4
"589","Icaricia",0,0,3,3,3,0,12,9,1,2,0,49,82
"590","Callophrys",0,0,0,2,0,2,2,2,0,0,0,0,8
"591","Callophrys",3,2,3,3,3,0,3,3,4,5,1,3,36
"592","Zizina",3,3,2,3,7,10,2,7,10,10,6,7,70
"593","Satyrium",2,1,1,7,23,1,0,3,0,1,0,7,47
"594","Arawacus",3,0,1,7,1,1,0,3,3,3,0,3,25
"595","Cyanophrys",2,0,2,1,0,2,3,2,1,1,2,2,18
"596","Ipidecla",1,0,0,0,0,0,0,0,0,0,0,0,1
"597","Atlides",5,0,1,1,0,0,0,1,0,2,0,0,11
"598","Chlorostrymon",4,2,3,1,2,1,3,3,0,1,22,6,48
"599","Theritas",0,1,0,1,0,0,0,0,0,0,0,0,2
"600","Gargina",0,1,0,0,0,0,0,0,0,0,0,0,1
"601","Strymon",0,2,2,0,0,0,1,2,2,1,0,0,10
"602","Lampides",16,10,11,9,24,22,9,19,26,34,12,8,203
"603","Strymon",0,2,3,6,5,0,0,1,1,2,2,1,23
"604","Eumaeus",2,2,3,4,4,1,2,6,8,5,2,0,42
"605","Cyanophrys",1,0,0,2,1,0,0,3,1,2,1,0,11
"606","Strymon",0,0,1,0,0,0,0,0,0,0,0,0,1
"607","Semonina",0,0,0,0,0,0,0,0,0,0,1,0,1
"608","Rekoa",0,0,0,3,0,0,1,2,1,3,11,1,22
"609","Satyrium",0,0,0,1,3,4,5,1,1,1,0,0,16
"610","Hypaurotis",0,1,2,0,1,1,5,4,0,0,0,1,15
"611","Callophrys",0,0,4,0,0,1,6,1,0,0,0,0,12
"612","Ostrinotes",0,0,0,0,0,0,0,0,0,0,2,0,2
"613","Euphilotes",1,0,0,0,0,0,0,1,0,0,0,0,2
"614","Parrhasius",0,0,0,0,0,0,0,0,0,2,2,0,4
"615","Laothus",0,0,0,0,0,0,0,0,1,0,1,2,5
"616","Zizula",0,3,1,2,1,1,3,3,2,2,1,1,20
"617","Strymon",0,0,1,0,1,1,0,1,0,3,1,1,10
"618","Electrostrymon",0,2,3,3,2,0,0,0,1,1,0,3,15
"619","Contrafacia",0,0,0,0,0,0,0,0,0,0,0,1,1
"620","Cyanophrys",0,0,0,0,0,0,0,1,0,0,0,1,2
"621","Hemiargus",0,1,0,0,0,0,1,1,2,2,1,1,9
"622","Aubergina",0,0,0,0,0,0,0,0,0,0,0,1,1
"623","Micandra",1,1,0,0,0,0,0,0,0,0,0,0,2
"624","Brephidium",1,0,2,1,1,0,2,0,1,0,0,6,15
"625","Celastrina",3,0,0,0,0,0,0,0,0,0,0,0,3
"626","Polyommatus",15,7,4,29,48,87,70,115,109,43,17,3,558
"627","Oenomaus",0,1,0,0,0,0,0,0,0,0,0,0,1
"628","Celastrina",0,0,0,0,0,0,0,0,0,1,0,0,1
"629","Eumaeus",1,1,3,3,0,0,0,5,4,2,0,0,20
"630","Atlides",0,0,0,0,1,0,0,0,1,0,0,0,3
"631","Philotes",0,16,23,2,1,1,0,0,0,1,0,0,46
"632","Panthiades",0,0,0,0,0,0,0,1,1,1,0,0,3
"633","Strymon",0,0,0,0,0,0,3,0,0,0,0,7,10
"634","Cyanophrys",0,0,0,0,1,1,0,1,0,0,0,0,3
"635","Calycopis",0,0,0,1,0,0,2,0,1,0,0,0,4
"636","Ministrymon",0,0,0,0,0,0,1,0,0,0,0,0,1
"637","Satyrium",0,0,0,0,0,0,2,0,1,0,0,1,4
"638","Lycaena",0,0,0,0,0,1,3,0,2,0,0,0,6
"639","Atlides",0,0,0,0,0,0,1,0,0,0,0,0,1
"640","Euphilotes",0,0,1,0,1,7,2,0,0,0,0,0,11
"641","Lycaena",0,0,0,0,1,0,0,0,0,0,0,0,1
"642","Strymon",0,0,3,1,1,1,0,1,1,0,0,2,10
"643","Strymon",0,0,0,0,0,0,0,1,0,0,0,0,1
"644","Icaricia",0,0,0,0,0,0,0,0,0,0,0,2,2
"645","Parrhasius",0,0,0,1,0,0,0,1,0,0,0,0,2
"646","Electrostrymon",0,0,0,0,0,0,0,0,0,0,0,1,1
"647","Euphilotes",0,0,0,0,0,0,0,2,0,0,0,1,3
"648","Callophrys",0,0,0,1,0,0,0,0,0,0,0,0,1
"649","Callophrys",1,4,7,16,27,18,3,8,12,0,1,0,98
"650","Ocaria",1,0,0,0,0,0,0,0,0,0,0,0,1
"651","Strymon",0,0,0,0,3,0,0,0,0,0,0,0,3
"652","Callophrys",0,2,3,1,2,1,1,0,1,1,0,0,12
"653","Udara",1,0,0,3,7,0,0,1,1,2,0,0,15
"654","Chlorostrymon",0,0,0,0,0,0,1,0,0,0,0,1,2
"655","Callophrys",2,0,1,2,4,6,0,1,0,0,0,0,16
"656","Strymon",1,0,0,0,0,1,0,0,0,0,0,0,2
"657","Cyanophrys",0,0,0,1,0,0,0,0,0,0,0,0,1
"658","Euphilotes",0,1,0,0,0,0,0,0,0,0,0,0,1
"659","Tmolus",0,0,0,0,1,0,0,0,0,0,0,0,1
"660","Paiwarria",0,0,0,0,2,0,0,0,0,0,0,0,2
"661","Strephonota",0,0,0,2,0,0,0,1,0,0,0,0,3
"662","Ocaria",0,0,1,0,0,0,0,0,0,0,0,1,2
"663","Cyanophrys",0,0,1,0,0,0,0,0,0,0,0,0,1
"664","Satyrium",0,0,0,0,2,2,0,0,0,0,0,0,4
"665","Iaspis",0,0,0,0,0,0,0,0,0,1,0,0,1
"666","Strephonota",0,0,0,0,0,0,0,0,0,1,0,0,1
"667","Calycopis",0,0,0,0,0,0,0,1,0,1,0,0,2
"668","Calycopis",0,0,0,0,0,0,0,0,0,1,0,0,1
"669","Arawacus",0,0,0,0,0,0,0,0,1,1,0,0,2
"670","Agriades",0,0,0,0,0,0,2,4,1,1,0,3,11
"671","Allosmaitia",0,0,0,0,1,0,0,1,0,0,1,0,3
"672","Satyrium",0,0,0,0,0,0,0,1,0,0,0,2,3
"673","Electrostrymon",0,0,0,1,0,0,0,3,0,1,0,0,5
"674","Ministrymon",1,0,0,1,0,2,0,1,0,1,0,0,6
"675","Apuecla",0,0,0,0,0,0,0,0,0,0,1,0,1
"676","Euphilotes",0,0,0,0,0,0,0,1,3,0,0,0,4
"677","Arcas",0,0,0,0,0,0,0,0,0,2,0,0,2
"678","Arcas",0,0,0,0,0,1,0,1,1,0,0,0,3
"679","Tmolus",0,1,1,0,0,0,0,1,0,0,0,0,3
"680","Janthecla",0,0,0,0,0,0,0,1,0,0,0,0,1
"681","Erora",0,0,0,0,0,0,0,2,0,0,0,0,2
"682","Callophrys",0,0,0,0,0,0,0,1,0,0,0,0,1
"683","Lycaena",0,0,1,0,0,1,5,1,0,1,0,0,9
"684","Theritas",0,0,0,0,0,0,0,1,0,0,0,0,1
"685","Nicolaea",0,0,0,0,0,0,0,0,1,0,0,0,1
"686","Dicya",0,1,0,0,0,0,0,0,0,0,0,0,1
"687","Callophrys",0,0,1,0,0,0,0,0,0,0,0,0,1
"688","Strymon",0,0,1,0,1,0,0,0,0,0,1,0,3
"689","Michaelus",0,0,1,0,0,0,0,1,0,0,0,0,2
"690","Strymon",0,0,1,0,0,0,0,0,0,0,0,0,1
"691","Ziegleria",0,0,0,0,0,0,0,0,2,0,0,0,2
"692","Euphilotes",0,0,0,0,0,0,0,0,0,0,0,1,1
"693","Theclopsis",2,0,0,0,0,0,0,0,0,0,0,0,2
"694","Calephelis",4,10,12,16,13,14,15,21,23,26,28,1,184
"695","Caria",3,6,4,6,8,4,5,5,7,14,22,2,86
"696","Apodemia",0,4,3,4,5,5,4,29,28,28,2,1,114
"697","Melanis",1,3,2,9,0,4,13,6,5,16,3,8,70
"698","Apodemia",4,1,21,33,27,17,24,14,35,17,5,1,205
"699","Hypophylla",0,0,0,3,6,4,1,0,2,5,0,0,21
"700","Pirascca",2,0,0,0,0,1,0,0,0,0,0,0,3
"701","Emesis",0,1,0,5,1,1,2,4,2,3,2,1,23
"702","Emesis",7,5,6,10,4,6,3,5,8,9,11,2,79
"703","Calephelis",2,1,1,1,2,2,2,4,2,5,0,0,22
"704","Apodemia",2,2,1,1,5,1,4,12,9,7,0,0,45
"705","Calephelis",0,0,1,0,0,3,0,0,1,0,0,0,5
"706","Baeotis",0,0,0,1,0,2,1,0,1,0,0,0,8
"707","Anteros",6,1,2,4,0,3,6,5,3,3,8,10,51
"708","Calephelis",0,0,0,1,0,1,1,5,1,2,0,1,12
"709","Melanis",9,3,4,2,6,6,7,14,11,8,23,7,105
"710","Apodemia",0,0,0,0,0,2,2,1,0,0,0,0,5
"711","Calephelis",0,0,0,0,3,4,6,0,1,0,0,0,14
"712","Rhetus",1,0,1,0,0,1,4,4,1,3,1,0,19
"713","Thisbe",0,0,2,2,1,0,3,2,1,1,0,1,14
"714","Apodemia",0,0,0,0,0,0,1,0,0,1,0,0,2
"715","Emesis",0,1,1,2,0,1,1,1,1,2,0,1,11
"716","Calydna",0,0,0,0,0,0,0,2,0,0,1,0,4
"717","Lasaia",3,2,0,3,2,3,2,2,1,8,11,23,61
"718","Detritivora",2,0,0,1,0,0,2,1,1,3,0,0,11
"719","Synargis",0,0,0,1,0,0,2,2,1,2,0,0,8
"720","Calephelis",0,0,0,0,0,0,0,1,0,0,0,1,2
"721","Lasaia",0,0,1,0,0,1,1,1,3,0,3,2,13
"722","Theope",2,1,0,1,1,0,0,0,0,1,0,0,6
"723","Emesis",3,0,1,0,0,0,0,0,0,0,0,0,4
"724","Apodemia",1,2,1,3,2,0,1,0,5,2,6,1,24
"725","Calephelis",1,0,2,3,2,0,5,3,4,6,13,5,44
"726","Emesis",2,0,1,0,0,0,0,0,0,0,0,0,3
"727","Mesene",0,0,0,0,0,0,0,0,0,1,0,0,1
"728","Emesis",0,0,0,0,1,0,2,0,1,2,0,0,6
"729","Lasaia",0,1,1,2,0,0,3,0,0,1,0,3,11
"730","Calephelis",1,0,0,0,0,0,0,0,1,1,0,0,3
"731","Sarota",0,0,0,0,0,0,0,0,0,1,0,0,1
"732","Mesosemia",0,0,2,2,0,0,0,0,1,1,2,1,9
"733","Juditha",2,0,0,0,0,0,0,3,0,0,1,0,6
"734","Apodemia",0,0,0,0,0,0,1,0,0,0,0,1,2
"735","Calephelis",0,1,1,1,1,0,0,0,0,0,0,1,5
"736","Mesosemia",0,1,0,0,0,0,0,0,1,0,0,2,4
"737","Voltinia",4,0,0,1,0,0,0,0,0,0,0,1,6
"738","Eurybia",1,1,0,0,0,0,0,0,1,0,0,0,3
"739","Lasaia",0,0,0,0,1,0,0,0,0,0,0,0,1
"740","Caria",0,0,0,0,1,0,0,0,1,0,0,0,2
"741","Sarota",0,0,0,0,1,0,1,0,0,0,0,1,3
"742","Apodemia",0,0,1,1,3,0,0,1,1,1,0,0,8
"743","Calephelis",0,0,3,1,2,1,0,1,1,0,1,0,10
"744","Lasaia",0,0,0,0,0,0,2,0,0,0,0,0,2
"745","Emesis",0,0,0,0,0,0,0,1,2,1,0,0,4
"746","Ancyluris",0,0,0,1,0,1,0,0,0,0,0,0,2
"747","Emesis",0,0,0,0,0,0,0,1,1,0,0,1,4
"748","Eurybia",0,0,0,0,0,0,0,0,2,0,0,1,3
"749","Adelotypa",0,0,0,0,0,0,1,1,0,0,0,0,2
"750","Juditha",0,0,0,0,0,0,0,1,0,1,0,0,2
"751","Theope",1,0,0,0,0,0,0,0,0,0,0,0,1
"752","Hypophylla",0,0,0,0,0,0,0,0,1,0,0,0,1
"753","Esthemopsis",0,0,0,0,0,0,0,0,1,0,0,0,1
"754","Calephelis",0,1,0,0,0,0,0,0,0,0,0,0,1
"755","Emesis",0,1,0,0,0,0,0,0,0,0,0,0,1
"756","Behemothia",0,1,0,0,0,0,0,1,0,0,0,0,2
"757","Emesis",0,0,1,0,0,0,0,0,0,0,0,0,1
"758","Apodemia",0,0,0,0,0,0,0,1,0,0,0,0,1
"759","Calephelis",0,0,0,0,0,0,0,1,0,0,0,0,1
"760","Chalodeta",0,0,0,0,0,0,0,1,0,0,0,0,1
